target_variable,variable,r2,correlation,n_values,publication_lag,start_date,raw_score,norm_score
x_servs_world,x_oecd,0.8217692838419678,0.9343513394703912,1,0.6,1,0.46069273865601995,1
x_servs_world,fc_x_us,0.6138091962662077,0.8479376245389157,1,0.8,1,0.41637752944168743,0.9038074501811915
x_servs_world,x_uv_world,0.7431533816532544,0.9031359147738077,1,0.6,1,0.40270110549399635,0.8741208004901428
x_servs_world,x_it,0.7076974065368663,0.8885182354338055,1,0.6,1,0.37728123052633017,0.8189432974936258
x_servs_world,x_nl,0.6984140212773507,0.8846307683647855,1,0.6,1,0.3707031193675934,0.804664558961894
x_servs_world,x_de,0.6715413084713955,0.8732296626935933,1,0.6,1,0.35184587416877455,0.763732189908648
x_servs_world,x_fr,0.641125030234555,0.8600463155412003,1,0.6,1,0.3308383320326818,0.7181322913789292
x_servs_world,x_us,0.5892645702217849,0.8368254197968181,1,0.6,1,0.295866942808342,0.642221849798361
x_servs_world,x_servs_us,0.5724920882351496,0.8290982886204181,1,0.6,1,0.28479132636269516,0.618180627707564
x_servs_world,x_ru,0.5693711003681896,0.8276480061199402,1,0.6,1,0.28274331357722904,0.61373512072727
x_servs_world,manuf_shipments_us,0.5639973054463023,0.8251415281759847,1,0.6,1,0.27922655910185973,0.6061014981839047
x_servs_world,fc_gdp_oecd,0.44232206125056256,0.7648024081256025,1,0.8,1,0.2706311820892084,0.5874439933191077
x_servs_world,x_jp,0.4421311958906465,0.7647016324411813,1,0.8,1,0.27047875780059927,0.5871131344280954
x_servs_world,p_manuf,0.6515463528244505,0.8645977667228609,1,0.6,0.8,0.27039625035285364,0.5869340401189767
x_servs_world,x_be,0.5489560808408305,0.8180617168266229,1,0.6,1,0.26944797237303847,0.5848756660656291
x_servs_world,x_briics,0.5470218511599321,0.8171442839275641,1,0.6,1,0.26819746731528793,0.5821612645723504
x_servs_world,bci_nl,0.40470520526356674,0.7445019044783932,1,0.8,1,0.2410430368568356,0.5232186588397965
x_servs_world,x_ca,0.5014647843624225,0.7950467560307184,1,0.6,1,0.23921277004259262,0.5192458008790167
x_servs_world,manuf_ba_conf_nl,0.40092165843906785,0.7424087612126761,1,0.8,1,0.23811820142806403,0.5168698819146289
x_servs_world,fc_x_de,0.38471720732517684,0.7333303171249651,1,0.8,1,0.2256998333209623,0.4899140237794869
x_servs_world,ipi_de,0.4713990117330872,0.7799088875583794,1,0.6,1,0.22058896730212288,0.4788201523333049
x_servs_world,manuf_emp_fut_nl,0.3754596593411871,0.7280578728409066,1,0.8,1,0.21868508873401288,0.47468750944932064
x_servs_world,fc_gdp_de,0.3636127725450253,0.7212149785922594,1,0.8,1,0.20979438237354597,0.45538894966215365
x_servs_world,manuf_emp_fut_de,0.36027884463037957,0.719269235015231,1,0.8,1,0.2073099911755715,0.4499962204317729
x_servs_world,x_vol_jp,0.4280150437500682,0.7571871253784648,1,0.6,1,0.19445248835751117,0.4220871571034262
x_servs_world,export_orders_fr,0.3405191162970581,0.7075474823245178,1,0.8,1,0.19274675473548253,0.418384616388318
x_servs_world,container_sg,0.3364879005754985,0.7051146846201692,1,0.8,1,0.1898100479142364,0.4120100708944745
x_servs_world,x_mx,0.4188941551827609,0.7522657001561682,1,0.6,1,0.18907182296393174,0.41040764722168493
x_servs_world,x_in,0.3311122635182819,0.7018477550481699,1,0.8,1,0.18591231905537936,0.4035494885327297
x_servs_world,x_uk,0.4125707174351128,0.7488221991750142,1,0.6,1,0.18536526716698473,0.40236203354919653
x_servs_world,bci_de,0.3221193607690988,0.6963226444425087,1,0.8,1,0.1794392040934955,0.38949865938189937
x_servs_world,bci_fr,0.3210002488695745,0.6956297100903851,1,0.8,1,0.17863784804806687,0.38775920056653707
x_servs_world,adv_rti_us,0.32079288935486,0.6955011841721974,1,0.8,1,0.1784894675362607,0.3874371192760026
x_servs_world,manuf_orders_us_2,0.3985356116458212,0.7410836650830428,1,0.6,1,0.1772089390467584,0.384657547596106
x_servs_world,export_orders_nl,0.31528350713445086,0.6920710069953578,1,0.8,1,0.17455885941725402,0.3789051677404228
x_servs_world,fc_x_jp,0.3142557795338075,0.6914278294197264,1,0.8,1,0.1738281532205317,0.3773190646061429
x_servs_world,x_vol_world,0.39116819713961387,0.7369669271442203,1,0.6,1,0.17296681454551546,0.3754494048465187
x_servs_world,x_cn,0.31099461707412507,0.6893799186704327,1,0.8,1,0.17151475506040217,0.3722975004137521
x_servs_world,ipi_us,0.308424535267224,0.6877584087653132,1,0.8,1,0.1696972540796538,0.3683523525348197
x_servs_world,serv_conf_fr,0.30842422716241125,0.687758213972404,1,0.8,1,0.16969703649523118,0.3683518802364647
x_servs_world,rti_val_fr,0.3822597704907,0.7319369771189933,1,0.6,1,0.16787403653229788,0.364394796023999
x_servs_world,x_cn_2,0.30547445803914847,0.6858888024958641,1,0.8,1,0.16761720817403572,0.36383731304953015
x_servs_world,manuf_ba_conf_de,0.3039700855843635,0.6849319333868196,1,0.8,1,0.1665590547288441,0.3615404384595842
x_servs_world,p_comm,0.37958736905461266,0.730416661501965,1,0.6,1,0.1663541633119107,0.3610956921031925
x_servs_world,bci_br,0.3013518966952795,0.6832609480136529,1,0.8,1,0.16472158609738327,0.3575519479163617
x_servs_world,x_vol_us,0.37538917693438856,0.728017483226972,1,0.6,1,0.1639739302934508,0.35592905321627677
x_servs_world,ipi_ru,0.36993740407544884,0.724881797401869,1,0.6,1,0.16089653423543568,0.3492491214530959
x_servs_world,export_orders_de,0.2938269267494773,0.6784175130395365,1,0.8,1,0.15946986632754437,0.3461523330989896
x_servs_world,manuf_ba_conf_ch,0.2905152632821101,0.6762663271105628,1,0.8,1,0.15717255205548059,0.3411656813042039
x_servs_world,manuf_orders_nl,0.36321858312155486,0.7209853884684995,1,0.6,1,0.15712517475052332,0.3410628420341614
x_servs_world,manuf_orders_fr,0.35540533610160424,0.7164086919247501,1,0.6,1,0.1527692831637759,0.33160775142549476
x_servs_world,rti_val_us,0.3486481183241243,0.7124098433616095,1,0.6,1,0.14902821081816556,0.3234872146084306
x_servs_world,manuf_ba_conf_pl,0.2713998374720771,0.6636022130712655,1,0.8,1,0.1440812262189217,0.3127490714076593
x_servs_world,ipi_jp,0.3375166564429324,0.7057369069977386,1,0.6,1,0.14291877670695208,0.31022580717006604
x_servs_world,x_za,0.3288529885209454,0.7004668187196141,1,0.6,1,0.13821036401742265,0.30000551869044884
x_servs_world,ind_orders_ez,0.32070192683859644,0.695444790527418,1,0.6,1,0.13381829059920422,0.2904718902008151
x_servs_world,bci_uk,0.2553582538892668,0.6526259418267103,1,0.8,1,0.13332273675816558,0.2893962191527228
x_servs_world,manuf_emp_fut_it,0.25418923325913445,0.6518127505741331,1,0.8,1,0.1325470266375731,0.2877124285141825
x_servs_world,x_kr,0.2535462951333174,0.6513647144518775,1,0.8,1,0.1321208881038758,0.2867874333971757
x_servs_world,bci_oecd,0.2532980395407312,0.6511915637402486,1,0.8,1,0.13195643716869446,0.28643046893608803
x_servs_world,ipi_eu27,0.31720226776245425,0.6932690160387744,1,0.6,1,0.1319439024341667,0.2864032604878622
x_servs_world,fc_gdp_us,0.25013951083139807,0.6489811344260292,1,0.8,1,0.1298686588033062,0.28189864503220163
x_servs_world,rti_val_it,0.3037768483154584,0.6848088517066814,1,0.6,1,0.12481744480199028,0.27093425688913725
x_servs_world,bci_jp,0.23819836126299995,0.640495572467232,1,0.8,1,0.12205199660632136,0.2649314529297422
x_servs_world,manuf_orders_de,0.29344655384826174,0.67817104928353,1,0.6,1,0.11940417439914691,0.25918397313464286
x_servs_world,ipi_fr,0.2924136271303334,0.6775009543449212,1,0.6,1,0.1188663068665565,0.25801645411934526
x_servs_world,x_vol_ez,0.2912089108480871,0.676717916766236,1,0.6,1,0.11823977249572923,0.25665647094996635
x_servs_world,x_vol_ema,0.27997989207513563,0.669339954820949,1,0.6,1,0.11244103698740726,0.2440694796176553
x_servs_world,ipi_it,0.27916583154766644,0.6687993777604532,1,0.6,1,0.1120235606586353,0.2431632870651313
x_servs_world,ipi_oecd,0.46494774097117486,0.776598370440068,1,0.3,1,0.10832329739340156,0.2351313322398208
x_servs_world,x_br,0.2075027518749508,0.6176514905434202,1,0.8,1,0.10253150718993986,0.22255941669290313
x_servs_world,manuf_ba_conf_it,0.2599662382469355,0.6558133494488114,1,0.6,1,0.10229359766899829,0.22204299978206657
x_servs_world,manuf_orders_it,0.25773150618002044,0.6542711127414526,1,0.6,1,0.10117576760215952,0.2196165884822058
x_servs_world,export_orders_us,0.20407770391245,0.6150005276906086,1,0.8,1,0.10040631647683562,0.21794638389515583
x_servs_world,serv_conf_nl,0.19923074438017938,0.6112107043908491,1,0.8,1,0.09741757088713812,0.21145888075278685
x_servs_world,export_orders_it,0.1991883628864698,0.611177364326074,1,0.8,1,0.09739153490670255,0.21140236590405811
x_servs_world,ipi_mx,0.24502857966780708,0.6453745855793164,1,0.6,1,0.0948811308349197,0.20595317198121388
x_servs_world,cci_br,0.19061130298208914,0.604355485164789,1,0.8,1,0.09215758919330647,0.20004133223839826
x_servs_world,constr_ca,0.40907394600188746,0.74690665608655,1,0.3,1,0.09166201593011991,0.1989656190317341
x_servs_world,fc_gdp_uk,0.18943044292796102,0.6034043482234029,1,0.8,1,0.09144252235889348,0.19848917659448895
x_servs_world,container_index,0.3632218323489269,0.7209872814446701,0.864406779661017,0.6,0.6666666666666666,0.09054775860879206,0.1965469628910307
x_servs_world,fc_x_nl,0.17924500688682818,0.5950740919434407,1,0.8,1,0.08533124776686006,0.18522377412719185
x_servs_world,x_vol_cis,0.22078748756946345,0.6277323386698259,1,0.6,1,0.08315726755260865,0.18050483668399797
x_servs_world,pmi_manuf_us,0.17201399092319264,0.5890155595488715,1,0.8,1,0.08105513369108706,0.17594185210635055
x_servs_world,ipi_br,0.21474200132606644,0.623183567650686,1,0.6,1,0.08029421190649585,0.17429016168290032
x_servs_world,serv_emp_fut_nl,0.16406036227903625,0.5822025919156151,1,0.8,1,0.07641309451957579,0.16586563691560646
x_servs_world,fc_gdp_jp,0.15693841087079174,0.5759604771693595,1,0.8,1,0.07231225760907377,0.15696417924890785
x_servs_world,air_freight_hkg,0.15690688449102952,0.5759325341266036,1,0.8,1,0.07229422368546314,0.15692503401804694
x_servs_world,container_hk,0.15573751512012796,0.5748940867379019,1,0.8,1,0.07162606122065292,0.1554746910698176
x_servs_world,manuf_orders_uk,0.19140292840520587,0.6049914600985096,1,0.6,1,0.0694782822737976,0.1508126272545271
x_servs_world,rti_val_es,0.18793689554205062,0.6021970977915152,1,0.6,1,0.06790503183802202,0.14739766039317556
x_servs_world,x_world,0.8846339084349425,0.9582518728988306,1,0.1,0.8,0.0678161679670077,0.14720476855104767
x_servs_world,export_orders_uk,0.1485908434295076,0.5684609979921521,1,0.8,1,0.06757447931874681,0.14668014849958783
x_servs_world,cci_de,0.14789033822288,0.5678221909135923,1,0.8,1,0.06718033269173433,0.14582459642780496
x_servs_world,bci_us,0.13244521186978792,0.5533320327885675,1,0.8,1,0.0586289426536178,0.1272625716321385
x_servs_world,rti_vol_us,0.16608630414653447,0.5839533802043815,1,0.6,1,0.058191995227213064,0.12631411425536404
x_servs_world,ipi_cn,0.15345997084490853,0.5728602832033951,0.7627118644067796,0.8,1,0.053640684828975695,0.11643483894593562
x_servs_world,x_servs_sg,0.6227789201778834,0.8519429410213244,1,0.1,0.9888888888888889,0.05246768592528481,0.11388867573287331
x_servs_world,rti_val_ca,0.262756052323621,0.657729387261404,1,0.3,1,0.051846713188212185,0.11254076489129117
x_servs_world,tourists_es,0.14961691329727198,0.5693939833045792,1,0.6,1,0.051114582139241735,0.11095156890980837
x_servs_world,coincident_us,0.11393715414081813,0.5348045383239817,1,0.8,1,0.048747285694582865,0.10581301072118793
x_servs_world,constr_cn,0.14042582044048643,0.560918841269397,0.7627118644067796,0.8,0.9888888888888889,0.04752750152701425,0.1031652933485914
x_servs_world,bci_kr,0.10994800004802154,0.5306181703713693,1,0.8,1,0.04667232529717793,0.10130901006457192
x_servs_world,x_vol_world2,0.5283410607928689,0.8081988578373315,1,0.1,1,0.042700464188136084,0.09268751296733317
x_servs_world,ipi_uk,0.129270800356884,0.5502508973537867,1,0.6,1,0.04267882433881059,0.09264054055489919
x_servs_world,x_vol_afr,0.12738010269945022,0.5483977581679172,1,0.6,1,0.04191297765334654,0.09097815992415981
x_servs_world,x_vol_cn,0.12404456941807068,0.5450946336165599,1,0.6,1,0.0405696174714403,0.08806220299845434
x_servs_world,tourists_us,0.15251701124282915,0.5720138235115798,0.9322033898305084,0.6,0.7333333333333333,0.03578394064047418,0.077674201561906
x_servs_world,ipi_es,0.110040209409165,0.530715787714955,1,0.6,1,0.03504004585014216,0.07605947068400637
x_servs_world,tourists_seasia,0.28953531568003815,0.6756274259846993,0.8813559322033898,0.3,0.6666666666666666,0.034481816960534636,0.07484775440813007
x_servs_world,ipi_kr,0.10760354510793278,0.5281223199286929,1,0.6,1,0.034096700324971925,0.07401180323449923
x_servs_world,x_servs_jp,0.10461487487911086,0.5249008937239739,1,0.6,1,0.03294746479252019,0.07151722184429889
x_servs_world,x_sg,0.07719742826546208,0.49288188126401916,1,0.8,1,0.030439370937780097,0.06607304258057323
x_servs_world,rti_vol_br,0.09714371981107879,0.5166405879582998,1,0.6,1,0.03011303311179125,0.06536467928632883
x_servs_world,rti_vol_fr,0.0944562915878251,0.5135920008460734,1,0.6,1,0.029107197473454735,0.06318136803798825
x_servs_world,rti_vol_oecd,0.15731022935953803,0.57628982270016,1,0.3,1,0.027196885255958904,0.059034759990575156
x_servs_world,tourists_world,0.2352606476541062,0.6383755898961008,0.8813559322033898,0.3,0.6666666666666666,0.026473227273652526,0.05746395602171403
x_servs_world,ipi_ca,0.147125152818708,0.5671226692368897,1,0.3,1,0.025031402813529297,0.05433426818610918
x_servs_world,bci_servs_eu,0.26187486583650144,0.6571252941983491,1,0.1,1,0.01720845982559642,0.037353442721495246
x_servs_world,pmi_nm_us,0.046324723407962946,0.44891644992320767,1,0.8,1,0.016636744300781794,0.03611245175974818
x_servs_world,air_freight_total_lhr,0.1199935131466586,0.5410226315620379,1,0.3,0.8,0.015580609500715015,0.03381995893004167
x_servs_world,x_servs_ez,0.05590990278059059,0.4638172435337526,1,0.6,1,0.015559186196360169,0.033773456559682315
x_servs_world,air_freight_intl_lhr,0.11966328992853419,0.5406876922935862,1,0.3,0.8,0.015528112340092194,0.0337060062752289
x_servs_world,x_hk,0.13174466497873272,0.5526552732573038,1,0.6,0.3333333333333333,0.014561876764802695,0.03160865267224331
x_servs_world,rti_vol_ca,0.08770494981040207,0.5057363101009592,1,0.3,1,0.013306673308410769,0.02888405262742009
x_servs_world,is_fr,0.09223562946578105,0.5110400303736828,1,0.3,0.7888888888888889,0.011155543402482412,0.024214715072407057
x_servs_world,tourists_mx,0.039619118583818794,0.4375510846779714,1,0.6,1,0.010401232986201053,0.022577375576929203
x_servs_world,cci_cn,0.06846515091266075,0.48151632471060085,1,0.3,1,0.009890126351466313,0.021467944948120526
x_servs_world,harpex,0.027067300372223765,0.41331046864768123,1,0.8,1,0.00894975888149709,0.01942674179672604
x_servs_world,x_servs_oecd,1,1,1,0.01,0.7888888888888889,0.007888888888888888,0.017123970549010957
x_servs_world,rti_val_de,0.027094725379346967,0.41336897354729596,1,0.6,1,0.006720071291163914,0.014586883463300062
x_servs_world,tourists_neasia,0.07640654889335845,0.4918799133155747,0.8813559322033898,0.3,0.6666666666666666,0.006624772968180281,0.014380024715620105
x_servs_world,export_orders_cn,0.02237208679172504,0.4028151605421883,1,0.8,0.8,0.005767562068910395,0.01251932488828914
x_servs_world,pmi_nm_cn,0.02744992745806146,0.4141240573948094,0.864406779661017,0.8,0.6666666666666666,0.005240691001495192,0.011375675285839913
x_servs_world,pmi_nm_cn2,0.027449730057642677,0.4141236391243204,0.864406779661017,0.8,0.6666666666666666,0.005240648021035141,0.011375581990555562
x_servs_world,rti_vol_it,0.0213657901597873,0.400426248043038,1,0.6,1,0.005133253914095095,0.011142467600141363
x_servs_world,container_total_la,0.039085499890628005,0.1589055450433622,1,0.8,1,0.0049687221307300146,0.010785327646416307
x_servs_world,cci_kr,0.015309002623177035,0.38467160098994463,1,0.8,1,0.004711150838893417,0.010226232027527217
x_servs_world,cci_us,0.03306718234016063,0.1700392495481555,1,0.8,1,0.004498175095834347,0.009763937475890945
x_servs_world,constr_de,0.05706695588258633,0.12998577873109868,1,0.6,1,0.0044507356201267416,0.009660963255272666
x_servs_world,pmi_manuf_cn,0.01775478930758818,0.3913532363054531,1,0.8,0.8,0.0044469723234854975,0.009652794477418205
x_servs_world,shipfix_de,0.19315120185976983,0.6063913427187944,0.3220338983050847,0.8,0.13333333333333333,0.0040232842779234345,0.008733118498156866
x_servs_world,cci_jp,0.02697303209264319,0.18240309850159558,1,0.8,1,0.003935971703744876,0.008543593969436757
x_servs_world,baltic,0.012462944630329572,0.37618309894118696,1,0.8,1,0.0037506793063758434,0.008141390110288495
x_servs_world,oil_x,0.06587253482613233,0.47800396547272445,1,0.8,0.13333333333333333,0.0033586488386806823,0.007290431467356913
x_servs_world,constr_uk,0.07010494712145178,0.11180864303115334,0.6610169491525424,0.6,1,0.003108764962264994,0.006748022491811357
x_servs_world,x_servs_in,0.04985258069293983,0.4545654908674385,0.576271186440678,0.6,0.38333333333333336,0.003003577545815139,0.006519698041209599
x_servs_world,tourists_de,0.012753277281891039,0.37709064058477554,1,0.6,1,0.002885484899870134,0.006263360929646875
x_servs_world,is_jp,0.03462980467764331,0.42845498584409697,0.7966101694915254,0.3,0.6,0.002127519720696645,0.004618088244462597
x_servs_world,x_vol_lac,0.009565126865370852,0.36647115702802674,1,0.6,1,0.002103205865683391,0.004565311517214443
x_servs_world,x_servs_fr,0.018612522743619967,0.3935862002715916,0.7966101694915254,0.6,0.6,0.00210084229155727,0.004560181038854796
x_servs_world,rti_val_uk,0.009405668582230606,0.36589656899001005,1,0.6,1,0.0020649011179771867,0.0044821655405316956
x_servs_world,is_uk,0.008966076852663736,0.3642868631620308,1,0.6,1,0.0019597344069159396,0.004253886033960677
x_servs_world,shipfix_cn,0.10764113424423752,0.5281625496828218,0.3220338983050847,0.8,0.13333333333333333,0.0019528828065094876,0.004239013647592184
x_servs_world,rti_vol_uk,0.015215153922347516,0.21110728907439177,1,0.6,1,0.0019272179384378296,0.004183304351746691
x_servs_world,freight_mar_cn,0.008005953081948463,0.3606279160515519,1,0.8,0.8,0.0018477889126077276,0.004010892201162725
x_servs_world,freight_mar_cn,0.008005953081948463,0.3606279160515519,1,0.8,0.8,0.0018477889126077276,0.004010892201162725
x_servs_world,rti_val_jp,0.015239812485142244,0.3844750930973682,1,0.3,1,0.0017577984972034495,0.0038155550320403994
x_servs_world,fdi_in,0.009766784086223973,0.3671909951988498,0.8305084745762712,0.8,0.6333333333333333,0.0015090721726036074,0.003275658689576978
x_servs_world,x_servs_cn,0.041442929351851114,0.4407317446568093,1,0.1,0.7888888888888889,0.0014409224817133852,0.0031277299614423963
x_servs_world,manuf_orders_us,0.00671431144670024,0.35533997551061275,1,0.6,1,0.001431517959024654,0.003107316089246001
x_servs_world,mar_freight_de,0.2257689416580913,0.63143390993111,1,0.01,0.9888888888888889,0.0014097418595470864,0.0030600479262159197
x_servs_world,transit_suez_canal,0.31603742913031346,0.6925421639032309,0.864406779661017,0.01,0.6666666666666666,0.001261280395170665,0.0027377909164581177
x_servs_world,cci_uk,0.005913323192396826,0.24371077255563625,1,0.8,1,0.0011529124508721535,0.0025025626716747213
x_servs_world,tourists_uk,0.027504759157728337,0.4142401817842457,1,0.1,1,0.0011393576433429283,0.0024731400079514585
x_servs_world,is_br,0.01836450094010284,0.3929459009484201,0.5932203389830508,0.6,0.4,0.0010273990692536488,0.0022301177836031943
x_servs_world,mar_freight_nl,0.15429508845914724,0.5736077683725516,1,0.01,0.9888888888888889,8.752147401343138e-4,0.0018997797592546822
x_servs_world,ipi_in,0.045132478464312425,0.44695900091841567,0.5084745762711864,0.6,0.13333333333333333,8.205708806799046e-4,0.001781167385172508
x_servs_world,shipfix_fr,0.0487805708721526,0.45287067790361535,0.3220338983050847,0.8,0.13333333333333333,7.58842058826748e-4,0.0016471760788774742
x_servs_world,bci_cn,0.0027049665895022257,0.33434471602604804,1,0.6,1,5.426347717362416e-4,0.0011778669950806503
x_servs_world,rti_vol_es,0.002419152641797951,0.33236505798344107,1,0.6,1,4.824250848371824e-4,0.0010471731901930174
x_servs_world,air_freight_mem,0.013180447403442283,0.3784073540038547,0.9322033898305084,0.1,1,4.6494373298101095e-4,0.001009227395980654
x_servs_world,cci_oecd,0.002191293218337819,0.26481053574692354,1,0.8,1,4.6422202490131053e-4,0.0010076608245564854
x_servs_world,rti_vol_jp,0.003495650142240654,0.33933308929043415,1,0.3,1,3.5585692855352e-4,7.724387616606728e-4
x_servs_world,rti_vol_de,0.0015892747576943763,0.32583691792245667,1,0.6,1,3.107066332674568e-4,6.744335371420918e-4
x_servs_world,oil_prod,0.0045904035254286145,0.25012721310814917,0.3220338983050847,0.8,1,2.958035522208592e-4,6.420842513902164e-4
x_servs_world,tourists_tk,0.007720876384842337,0.35949977990166093,1,0.1,0.9222222222222223,2.559769210698849e-4,5.556348073048579e-4
x_servs_world,shipfix_ae,0.050365354239588184,0.14014251531998462,0.3220338983050847,0.8,0.13333333333333333,2.4245554103365574e-4,5.262847027738529e-4
x_servs_world,x_servs_uk2,0.0012202223027905936,0.3223840728694474,1,0.6,1,2.360281414678606e-4,5.123331054802949e-4
x_servs_world,shipfix_hk,0.01623210422054563,0.38725204563210136,0.3220338983050847,0.8,0.13333333333333333,2.159229753167466e-4,4.6869194410717046e-4
x_servs_world,shipfix_us,0.015842467306766993,0.38617203770708997,0.3220338983050847,0.8,0.13333333333333333,2.1015220747766075e-4,4.561656606325906e-4
x_servs_world,constr_us,0.0010517172204394523,0.3206349132830606,1,0.6,1,2.0233035586434317e-4,4.3918720415390527e-4
x_servs_world,fdi_cn,8.641681068728293e-4,0.27699676449919947,1,0.8,1,1.914974156697377e-4,4.1567274584877024e-4
x_servs_world,fdi_oecd,0.15269314821326954,0.023340107913116536,0.4576271186440678,0.3,0.25555555555555554,1.2503763275872542e-4,2.7141220659022763e-4
x_servs_world,shipfix_uk,0.009865041162546124,0.36753904451089575,0.3220338983050847,0.8,0.13333333333333333,1.2454683526492982e-4,2.7034685987947327e-4
x_servs_world,tourists_th,6.584624001458101e-4,0.27960374307578706,1,0.6,1,1.1046513105326109e-4,2.3978049095264945e-4
x_servs_world,tourists_it,0.001081419545617624,0.3209528145236884,1,0.3,1,1.0412539405407139e-4,2.2601917789682698e-4
x_servs_world,rti_cn,4.673019422780386e-4,0.31309364406356865,0.864406779661017,0.8,1,1.0117657853934293e-4,2.1961834873826232e-4
x_servs_world,tourists_fr,0.02208796317993098,0.4021462000154958,1,0.01,1,8.882590458891429e-5,1.9280943052856948e-4
x_servs_world,container_exports_la,3.280790130420496e-4,0.28484941713462686,1,0.8,1,7.476249251130518e-5,1.622827673156082e-4
x_servs_world,constr_fr,0.002674474048631749,0.26137359507383817,1,0.1,1,6.990368970225634e-5,1.5173603540222176e-4
x_servs_world,cci_fr,2.488746078711687e-4,0.3090487732771674,1,0.8,1,6.153151380993662e-5,1.3356302074446117e-4
x_servs_world,rti_vol_mx,7.218665928145198e-4,0.27876201469068096,1,0.3,1,6.0368695725261895e-5,1.3103895646668023e-4
x_servs_world,constr_jp,3.7339140192582226e-4,0.31150124427584497,1,0.3,1,3.4893565890538726e-5,7.574151481600038e-5
x_servs_world,transit_pa_canal,1.5974110770150332e-4,0.30689770475551215,1,0.8,0.7333333333333333,2.876085186110073e-5,6.242957495923386e-5
x_servs_world,constr_oecd,3.160218777046363e-4,0.28508185066103314,1,0.3,1,2.702763052362372e-5,5.866736819527804e-5
x_servs_world,rti_vol_kr,1.498639510110946e-4,0.2888849469975741,1,0.6,1,2.5976063726812262e-5,5.63847908751336e-5
x_servs_world,cci_id,3.682648655858752e-4,0.3114089707108027,0.5254237288135594,0.8,0.3333333333333333,1.6068295886881514e-5,3.4878552533208125e-5
x_servs_world,shipfix_sg,9.107619232210378e-4,0.3190617119652247,0.3220338983050847,0.8,0.13333333333333333,9.981823113938533e-6,2.1666985989530743e-5
x_servs_world,shipfix_jp,8.991250332590207e-4,0.31892660921095684,0.3220338983050847,0.8,0.13333333333333333,9.850111754424002e-6,2.1381087496971966e-5
x_servs_world,x_servs_de,3.633543085345502e-5,0.30252183969117036,1,0.6,1,6.595356832655115e-6,1.4316172753006192e-5
x_servs_world,fdi_world,0.17977372177505324,0,0.4576271186440678,0.3,0.25555555555555554,0,0
x_servs_world,shipfix_nl,0,0.2955667000243124,0.3220338983050847,0.8,0.13333333333333333,0,0
x_servs_world,pmi_total_cn,0.07256484681938191,0.10857487558598779,0.1864406779661017,0.8,0,0,0
x_servs_world,is_cn,0.21883260073187233,0.6262683248281476,0.15254237288135594,0.8,0,0,0
x_vol_world2,fc_x_jp,1,1,1,0.8,1,0.8,1
x_vol_world2,fc_x_us,0.9729822260134862,0.9896752782762732,1,0.8,1,0.7703491642302118,0.9629364552877647
x_vol_world2,fc_x_de,0.9701691965145973,0.9885920973979481,1,0.8,1,0.7672812806505983,0.9591016008132478
x_vol_world2,fc_gdp_oecd,0.9512479068012092,0.9812651198290212,1,0.8,1,0.7467411130035153,0.9334263912543941
x_vol_world2,bci_jp,0.9023746329485708,0.9619953068705692,1,0.8,1,0.6944641295484622,0.8680801619355777
x_vol_world2,fc_gdp_de,0.8170150292746013,0.9270429449909593,1,0.8,1,0.605926415072481,0.7574080188406013
x_vol_world2,ipi_de,0.9709194415425249,0.9888811389873827,1,0.6,1,0.5760743539305393,0.7200929424131741
x_vol_world2,bci_nl,0.7801602255959867,0.911389048698414,1,0.8,1,0.5688235886706131,0.7110294858382663
x_vol_world2,manuf_emp_fut_nl,0.7767319721614021,0.9099142965518071,1,0.8,1,0.565407620846832,0.70675952605854
x_vol_world2,ipi_us,0.7725837208932198,0.9081254606963589,1,0.8,1,0.5612823579701299,0.7016029474626624
x_vol_world2,fc_x_nl,0.7648327577064177,0.9047701239869884,1,0.8,1,0.5535982632154767,0.6919978290193458
x_vol_world2,x_vol_world,0.9429231681321921,0.9780184250269283,1,0.6,1,0.5533177390908288,0.691647173863536
x_vol_world2,x_vol_jp,0.923298014913536,0.9703073200834328,1,0.6,1,0.5375296934934639,0.6719121168668298
x_vol_world2,x_vol_ez,0.8892200840010602,0.9567201269424364,1,0.6,1,0.510440850987155,0.6380510637339437
x_vol_world2,export_orders_nl,0.7131949943072441,0.8819684754411217,1,0.8,1,0.5032124014571197,0.6290155018213995
x_vol_world2,serv_conf_nl,0.7017565355106228,0.8768070104075567,1,0.8,1,0.49224403994802685,0.6153050499350335
x_vol_world2,x_jp,0.6888068427084338,0.8709125910968655,1,0.8,1,0.4799124417187626,0.5998905521484532
x_vol_world2,manuf_ba_conf_ch,0.6836999648780944,0.8685728335334122,1,0.8,1,0.4750745726246887,0.5938432157808609
x_vol_world2,manuf_ba_conf_nl,0.6678525081989841,0.8612560189438448,1,0.8,1,0.4601535939624949,0.5751919924531186
x_vol_world2,export_orders_it,0.6660671023619977,0.8604262764678059,1,0.8,1,0.4584813094104277,0.5731016367630346
x_vol_world2,ipi_eu27,0.8113829398223069,0.9246739393293704,1,0.6,1,0.45015879556208277,0.5626984944526034
x_vol_world2,export_orders_de,0.6434413531319114,0.8498133391185656,1,0.8,1,0.4374440358655982,0.5468050448319978
x_vol_world2,bci_de,0.6409895950328642,0.8486521780720176,1,0.8,1,0.43518177275691267,0.5439772159461408
x_vol_world2,serv_conf_fr,0.624046250780028,0.8405663029325626,1,0.8,1,0.41964179990167594,0.5245522498770949
x_vol_world2,manuf_ba_conf_pl,0.6214049521575907,0.8392959526147206,1,0.8,1,0.41723412902448803,0.52154266128061
x_vol_world2,export_orders_fr,0.6200679351202488,0.8386518761969434,1,0.8,1,0.416016909726529,0.5200211371581612
x_vol_world2,fc_gdp_uk,0.6053890636232642,0.8315344981109979,1,0.8,1,0.4027215129454864,0.503401891181858
x_vol_world2,manuf_orders_nl,0.7457830081124064,0.8964506611772847,1,0.6,1,0.4011346024302906,0.5014182530378632
x_vol_world2,fc_gdp_us,0.5820474629360519,0.8200367167119862,1,0.8,1,0.3818402323812972,0.4773002904766215
x_vol_world2,manuf_ba_conf_de,0.5816785979106608,0.8198531858508835,1,0.8,1,0.3815128413106643,0.4768910516383304
x_vol_world2,serv_emp_fut_nl,0.5773743306270671,0.8177072575144514,1,0.8,1,0.3776985443650409,0.47212318045630114
x_vol_world2,ipi_mx,0.7092055877022634,0.8801730365869387,1,0.6,1,0.37453418141539535,0.4681677267692442
x_vol_world2,manuf_emp_fut_de,0.5690295759952242,0.8135240045255118,1,0.8,1,0.3703353754856711,0.46291921935708885
x_vol_world2,manuf_orders_us_2,0.6980063344908483,0.8751056350927335,1,0.6,1,0.36649756598601885,0.45812195748252355
x_vol_world2,manuf_shipments_us,0.6975630160759515,0.8749042105389678,1,0.6,1,0.366180491928667,0.4577256149108337
x_vol_world2,x_us,0.6880127540826775,0.8705493437482574,1,0.6,1,0.35936943093426366,0.44921178866782957
x_vol_world2,fc_gdp_jp,0.5475230941960777,0.8025991531005152,1,0.8,1,0.3515532573637965,0.4394415717047456
x_vol_world2,x_vol_us,0.6510852898582168,0.8534194055991671,1,0.6,1,0.33338929263909645,0.41673661579887056
x_vol_world2,x_oecd,0.6459172128917087,0.8509836723052002,1,0.6,1,0.32979900109903565,0.4122487513737945
x_vol_world2,manuf_orders_fr,0.6378183222216909,0.8471469539346554,1,0.6,1,0.3241955093002908,0.40524438662536344
x_vol_world2,bci_fr,0.5097407291179054,0.7828735382166552,1,0.8,1,0.31925002254213775,0.3990625281776722
x_vol_world2,x_briics,0.6206695361186721,0.8389417691160733,1,0.6,1,0.3124233592007108,0.39052919900088845
x_vol_world2,manuf_orders_it,0.6190390043318145,0.8381557401735142,1,0.6,1,0.3113106569232043,0.3891383211540054
x_vol_world2,x_mx,0.6087996306231774,0.8331958141466634,1,0.6,1,0.30434958233355974,0.38043697791694964
x_vol_world2,manuf_emp_fut_it,0.4903038225741409,0.7724407664511268,1,0.8,1,0.30298452840246937,0.3787306605030867
x_vol_world2,manuf_orders_de,0.5975131215095957,0.8276800896905121,1,0.6,1,0.296729828401392,0.37091228550174
x_vol_world2,ipi_oecd,0.9875060898015188,0.9952430714526275,1,0.3,1,0.2948425781676713,0.36855322270958907
x_vol_world2,x_ru,0.5817913986181583,0.8199093166494661,1,0.6,1,0.28620971284413077,0.35776214105516346
x_vol_world2,ind_orders_ez,0.5721894751202341,0.8151116571720535,1,0.6,1,0.2798389867689969,0.34979873346124607
x_vol_world2,adv_rti_us,0.44683829252375395,0.7483351466592425,1,0.8,1,0.2675078393349832,0.33438479916872893
x_vol_world2,x_ca,0.5479400705133799,0.8028129874651654,1,0.6,1,0.2639360429764319,0.3299200537205399
x_vol_world2,manuf_ba_conf_it,0.5363325101543825,0.7968296627483463,1,0.6,1,0.2564193919123744,0.32052423989046797
x_vol_world2,bci_oecd,0.43142176239520513,0.7395053982036078,1,0.8,1,0.25523097775501474,0.3190387221937684
x_vol_world2,ipi_jp,0.5248727197034195,0.7908586609275622,1,0.6,1,0.24906008175723243,0.3113251021965405
x_vol_world2,ipi_ru,0.5206432145650589,0.7886384794425092,1,0.6,1,0.24635956383998886,0.30794945479998603
x_vol_world2,ipi_fr,0.5015989840189723,0.7785280894183336,1,0.6,1,0.23430533920948063,0.2928816740118508
x_vol_world2,x_cn,0.4024031927721871,0.7224462015421421,1,0.8,1,0.23257172648535757,0.29071465810669694
x_vol_world2,x_za,0.49517269940460407,0.7750732650528288,1,0.6,1,0.23027707253552965,0.28784634066941206
x_vol_world2,container_index,0.7337524639877394,0.8911418163024701,0.8666666666666667,0.6,0.6666666666666666,0.22667753453780828,0.2833469181722603
x_vol_world2,x_vol_ema,0.47908979227179427,0.7663274136832169,1,0.6,1,0.22028378486020422,0.27535473107525527
x_vol_world2,ipi_uk,0.47559064207266244,0.764405232797612,1,0.6,1,0.21812638528195158,0.2726579816024395
x_vol_world2,coincident_us,0.38175092181300396,0.70992758976746,1,0.8,1,0.2168124094513696,0.27101551181421196
x_vol_world2,bci_uk,0.3808672304223516,0.7093844680110171,1,0.8,1,0.2161450381087915,0.27018129763598936
x_vol_world2,x_cn_2,0.36374906817739855,0.698736458314811,1,0.8,1,0.20333178849087058,0.2541647356135882
x_vol_world2,bci_br,0.3603486827645138,0.6965917007803208,1,0.8,1,0.20081272144070478,0.25101590180088096
x_vol_world2,rti_val_us,0.4401926902530466,0.7445478880893591,1,0.6,1,0.19664672272816755,0.24580840341020943
x_vol_world2,x_it,0.4241341414058078,0.735276561396448,1,0.6,1,0.18711353583821833,0.2338919197977729
x_vol_world2,cci_de,0.3365973752367996,0.6813196826935936,1,0.8,1,0.18346433351346622,0.22933041689183276
x_vol_world2,ipi_it,0.41140130864222096,0.7277998682762802,1,0.6,1,0.17965069094309863,0.22456336367887328
x_vol_world2,ipi_es,0.4041548225473333,0.723493034812409,1,0.6,1,0.17544191945930449,0.2193023993241306
x_vol_world2,x_nl,0.40271994647465176,0.7226356727479807,1,0.6,1,0.17461187966984446,0.21826484958730555
x_vol_world2,container_sg,0.3203687598929077,0.6705727317322256,1,0.8,1,0.1718644435864421,0.2148305544830526
x_vol_world2,x_servs_us,0.3947001604867311,0.7178153414017697,1,0.6,1,0.16999309827066972,0.21249137283833713
x_vol_world2,x_uk,0.3819336067639682,0.7100397905590761,1,0.6,1,0.1627128348924963,0.20339104361562035
x_vol_world2,x_kr,0.3051909055024511,0.660272493385585,1,0.8,1,0.16120732810776628,0.20150916013470785
x_vol_world2,bci_kr,0.3049070659042032,0.6600774590828472,1,0.8,1,0.16100982505476213,0.20126228131845267
x_vol_world2,x_de,0.37738567546146173,0.7072385301226675,1,0.6,1,0.16014101424162852,0.20017626780203565
x_vol_world2,rti_vol_us,0.371773595673647,0.7037584520015822,1,0.6,1,0.15698328611180873,0.1962291076397609
x_vol_world2,ipi_ca,0.6156133025681452,0.8365009364866461,1,0.3,1,0.15448833123356712,0.1931104140419589
x_vol_world2,harpex,0.28922243103118805,0.6491553169111389,1,0.8,1,0.15020022309908873,0.1877502788738609
x_vol_world2,constr_ca,0.5872041498749166,0.8225963926344958,1,0.3,1,0.14490960462813368,0.1811370057851671
x_vol_world2,x_fr,0.33562231054057207,0.6806813877521434,1,0.6,1,0.13707111605960243,0.17133889507450303
x_vol_world2,x_sg,0.2638491370442515,0.630839262268463,1,0.8,1,0.13315711597053298,0.1664463949631662
x_vol_world2,x_br,0.260074941279681,0.6280407915840234,1,0.8,1,0.1306701375939674,0.16333767199245924
x_vol_world2,x_in,0.258214111751571,0.6266535624670274,1,0.8,1,0.12944863440670487,0.16181079300838108
x_vol_world2,rti_val_es,0.31688560142694555,0.6682308828942319,1,0.6,1,0.1270516471307985,0.1588145589134981
x_vol_world2,x_uv_world,0.3153326458133515,0.6671826306475279,1,0.6,1,0.12623067849767822,0.15778834812209777
x_vol_world2,air_freight_hkg,0.23731830214019853,0.610718883983805,1,0.8,1,0.1159478149055948,0.1449347686319935
x_vol_world2,export_orders_uk,0.22076099269216704,0.5975875825828084,1,0.8,1,0.1055392223611945,0.13192402795149313
x_vol_world2,manuf_orders_uk,0.2698062414298171,0.635215899305034,1,0.6,1,0.10283112857277142,0.12853891071596427
x_vol_world2,x_vol_cn,0.26976216891890065,0.6351836979378291,1,0.6,1,0.10280911921058199,0.12851139901322747
x_vol_world2,ipi_br,0.26040966784848635,0.6282897996943415,1,0.6,1,0.0981676428305973,0.12270955353824661
x_vol_world2,x_be,0.2571832687302618,0.6258829284617667,1,0.6,1,0.09657997043055948,0.12072496303819934
x_vol_world2,pmi_nm_us,0.19352365194418877,0.5748649360005503,1,0.8,1,0.0889999694315911,0.11124996178948886
x_vol_world2,ipi_cn,0.2313679035016771,0.6060540842888381,0.75,0.8,1,0.08413287773432232,0.1051660971679029
x_vol_world2,x_vol_afr,0.2288646774108177,0.6040737850802991,1,0.6,1,0.08295069117284057,0.1036883639660507
x_vol_world2,x_world,0.9810548875678584,0.9927750612019219,1,0.1,0.8,0.07791734608381003,0.09739668260476253
x_vol_world2,x_vol_cis,0.20992392691871037,0.5887246293064525,1,0.6,1,0.07415243163466356,0.09269053954332945
x_vol_world2,x_servs_jp,0.20593768787830735,0.5854071896126622,1,0.6,1,0.07233444185770171,0.09041805232212714
x_vol_world2,rti_vol_oecd,0.3467354374224823,0.6879022473339218,1,0.3,1,0.0715560259899708,0.0894450324874635
x_vol_world2,p_comm,0.20046962908315208,0.5808038896649405,1,0.6,1,0.06986012419870956,0.08732515524838694
x_vol_world2,x_servs_ez,0.19460600350141927,0.5757972947580907,1,0.6,1,0.06723216621588045,0.08404020776985055
x_vol_world2,rti_val_ca,0.29744198293455476,0.6549150089912984,1,0.3,1,0.05843976567839206,0.07304970709799008
x_vol_world2,rti_vol_br,0.16602283301672818,0.5502339881991687,1,0.6,1,0.05481084332575138,0.06851355415718922
x_vol_world2,cci_br,0.13070993439300096,0.5153845607463156,1,0.8,1,0.05389270569785322,0.06736588212231652
x_vol_world2,pmi_manuf_us,0.12706354805637693,0.5115305906981689,1,0.8,1,0.051997513434786924,0.06499689179348365
x_vol_world2,is_uk,0.1590870612174311,0.5437058642797201,1,0.6,1,0.05189794086896647,0.06487242608620808
x_vol_world2,container_hk,0.1251484839902518,0.5094843616038621,1,0.8,1,0.05100895637717168,0.0637611954714646
x_vol_world2,rti_val_fr,0.1567181796081255,0.5414437353653683,1,0.6,1,0.050912445940010494,0.06364055742501311
x_vol_world2,bci_servs_eu,0.6102903761642083,0.8339205073265225,1,0.1,1,0.05089336601073509,0.06361670751341886
x_vol_world2,container_exports_la,0.12314089355379051,0.5073224000283444,1,0.8,1,0.04997770692747511,0.062472133659343884
x_vol_world2,air_freight_total_lhr,0.31012526469018215,0.6636486563608458,1,0.3,0.8,0.04939541165164585,0.06174426456455731
x_vol_world2,air_freight_intl_lhr,0.31008995840070447,0.6636245950288491,1,0.3,0.8,0.049387997535883243,0.061734996919854054
x_vol_world2,bci_us,0.11945911631674555,0.5033112451529592,1,0.8,1,0.048100093262602714,0.06012511657825339
x_vol_world2,rti_val_de,0.14601063908030734,0.5309987892741855,1,0.6,1,0.04651888354367596,0.05814860442959495
x_vol_world2,rti_val_it,0.13530980253903818,0.5201704549238686,1,0.6,1,0.042230496925434194,0.05278812115679274
x_vol_world2,x_servs_sg,0.5231353026112038,0.7899477301411131,1,0.1,0.9888888888888889,0.04086578832449114,0.05108223540561393
x_vol_world2,tourists_es,0.13118486988092287,0.515882558712339,1,0.6,1,0.04060559180310945,0.05075698975388681
x_vol_world2,export_orders_us,0.10044153422252314,0.48153026155309336,1,0.8,1,0.03869251059597244,0.04836563824496554
x_vol_world2,tourists_world,0.32309086836982304,0.6723940537034876,0.8833333333333333,0.3,0.6666666666666666,0.038379840236605185,0.04797480029575648
x_vol_world2,rti_vol_ca,0.21395455631483976,0.592047151740554,1,0.3,1,0.03800135570043445,0.04750169462554306
x_vol_world2,rti_vol_es,0.11670656017436697,0.500271929547422,1,0.6,1,0.03503100962956372,0.04378876203695465
x_vol_world2,x_hk,0.27279365801590627,0.6373925449909802,1,0.6,0.3333333333333333,0.03477532878803152,0.043469160985039404
x_vol_world2,p_manuf,0.1346578987549026,0.5194971862656776,1,0.6,0.8,0.03357811176557779,0.04197263970697224
x_vol_world2,tourists_neasia,0.2865101327880855,0.6472368143490181,0.8833333333333333,0.3,0.6666666666666666,0.03276104999365718,0.04095131249207147
x_vol_world2,rti_vol_de,0.10447642509373856,0.486313029068251,1,0.6,1,0.030484948052134937,0.03810618506516867
x_vol_world2,tourists_seasia,0.26588018170103983,0.6323369516493527,0.8833333333333333,0.3,0.6666666666666666,0.029702235902810036,0.03712779487851254
x_vol_world2,constr_cn,0.09972147162332021,0.48066670420622315,0.75,0.8,0.9888888888888889,0.028440122721573598,0.035550153401966995
x_vol_world2,tourists_us,0.13133439839641217,0.516039161683222,0.9333333333333333,0.6,0.7333333333333333,0.027832396529847574,0.03479049566230947
x_vol_world2,ipi_kr,0.0926145822423462,0.4719705395046354,1,0.6,1,0.026226812608149935,0.03278351576018742
x_vol_world2,cci_oecd,0.06869954636320912,0.4399371825804983,1,0.8,1,0.02417878789727083,0.030223484871588536
x_vol_world2,x_vol_lac,0.08349833500498521,0.460311778075594,1,0.6,1,0.023061160231497815,0.028826450289372266
x_vol_world2,container_total_la,0.06595590677619728,0.4359261261745177,1,0.8,1,0.023001522351420244,0.028751902939275303
x_vol_world2,x_servs_de,0.07348532134751401,0.4467468025562828,1,0.6,1,0.0196975994080937,0.024621999260117124
x_vol_world2,rti_vol_fr,0.07210310995847528,0.4448034214462784,1,0.6,1,0.019243026003868218,0.02405378250483527
x_vol_world2,tourists_de,0.06901337261413536,0.4403908416257086,1,0.6,1,0.01823571434938062,0.02279464293672577
x_vol_world2,cci_cn,0.11779491715755452,0.5014779071970654,1,0.3,1,0.017721464560386643,0.0221518307004833
x_vol_world2,rti_vol_kr,0.06380157687793166,0.43271785078495634,1,0.6,1,0.01656484873398585,0.020706060917482314
x_vol_world2,x_servs_fr,0.10754645215010412,0.4898905715472839,0.8,0.6,0.6,0.015173565958568771,0.018966957448210964
x_vol_world2,rti_vol_it,0.05525529706028,0.4194235917928096,1,0.6,1,0.013905225095160786,0.01738153136895098
x_vol_world2,cci_jp,0.04159647425616539,0.3958266221395881,1,0.8,1,0.013171993518187425,0.01646499189773428
x_vol_world2,is_fr,0.11200106513559294,0.4949920572593552,1,0.3,0.7888888888888889,0.013120714243053796,0.016400892803817246
x_vol_world2,x_servs_uk2,0.05103246668990157,0.4124750362768849,1,0.6,1,0.012629771129529642,0.01578721391191205
x_vol_world2,cci_kr,0.03661238308439279,0.3862657253112963,1,0.8,1,0.011313686965974415,0.014142108707468019
x_vol_world2,tourists_mx,0.04584746181664002,0.4035378609183469,1,0.6,1,0.011100712002013501,0.013875890002516876
x_vol_world2,ipi_in,0.36846608146662335,0.7016951385483589,0.5166666666666667,0.6,0.13333333333333333,0.010686768800850515,0.013358461001063143
x_vol_world2,pmi_nm_cn,0.04968982455959734,0.410206035142826,0.8666666666666667,0.8,0.6666666666666666,0.009421506025029532,0.011776882531286914
x_vol_world2,pmi_nm_cn2,0.049689734434420825,0.41020588181527234,0.8666666666666667,0.8,0.6666666666666666,0.009421485415143037,0.011776856768928794
x_vol_world2,constr_oecd,0.07049334731389431,0.44251650104433954,1,0.3,1,0.009358340820074371,0.011697926025092963
x_vol_world2,constr_us,0.03955044341168274,0.3919749560787406,1,0.6,1,0.009301669991513434,0.011627087489391792
x_vol_world2,cci_id,0.12760524048902772,0.5121065838332535,0.5333333333333333,0.8,0.3333333333333333,0.009293864360683624,0.01161733045085453
x_vol_world2,shipfix_nl,0.324674576610287,0.673450160843392,0.3333333333333333,0.8,0.13333333333333333,0.00777429851875406,0.009717873148442574
x_vol_world2,fdi_in,0.0417898300373792,0.39618567678453814,0.8333333333333334,0.8,0.6333333333333333,0.006990535773896179,0.008738169717370223
x_vol_world2,freight_mar_cn,0.029282954990875163,0.3709356080489853,1,0.8,0.8,0.0069517380576072626,0.008689672572009078
x_vol_world2,freight_mar_cn,0.029282954990875163,0.3709356080489853,1,0.8,0.8,0.0069517380576072626,0.008689672572009078
x_vol_world2,is_br,0.09119472546776884,0.47019365367906796,0.6,0.6,0.4,0.006174602087608769,0.007718252609510961
x_vol_world2,shipfix_uk,0.2684929368089265,0.634255208690367,0.3333333333333333,0.8,0.13333333333333333,0.006054863774849251,0.007568579718561564
x_vol_world2,is_jp,0.08919850342411649,0.4676719328104741,0.8,0.3,0.6,0.0060070516560227875,0.007508814570028484
x_vol_world2,rti_val_uk,0.025529003507859877,0.36233713406240986,1,0.6,1,0.005550063579904293,0.006937579474880366
x_vol_world2,constr_uk,0.03273356107147179,0.3783658863141233,0.6666666666666666,0.6,1,0.004954105138809963,0.006192631423512453
x_vol_world2,mar_freight_de,0.5943985514517219,0.8261488464049229,0.9833333333333333,0.01,0.9888888888888889,0.004775120127791153,0.005968900159738942
x_vol_world2,shipfix_ae,0.21858007501980076,0.595821733225338,0.3333333333333333,0.8,0.13333333333333333,0.0046305692141092305,0.0057882115176365375
x_vol_world2,cci_us,0.016135233595883508,0.3375257846269386,1,0.8,1,0.004356845903671617,0.005446057379589521
x_vol_world2,x_servs_world,0.6221754308223237,0.8396667979079889,0.9833333333333333,0.01,0.8,0.004109704406986752,0.00513713050873344
x_vol_world2,x_servs_oecd,0.5980695684688795,0.8279532400847307,1,0.01,0.7888888888888889,0.003906369803077986,0.004882962253847482
x_vol_world2,x_servs_in,0.0634652331579511,0.4322121062565624,0.5833333333333334,0.6,0.38333333333333336,0.003680250981382635,0.004600313726728293
x_vol_world2,transit_suez_canal,0.5980073100502801,0.8279226847949869,0.85,0.01,0.6666666666666666,0.0028055883000951843,0.0035069853751189804
x_vol_world2,shipfix_hk,0.14708262033577071,0.5320613565230831,0.3333333333333333,0.8,0.13333333333333333,0.002782470346553592,0.0034780879331919898
x_vol_world2,oil_x,0.06089335439153174,0.42829978996106177,1,0.8,0.13333333333333333,0.002781931828897871,0.0034774147861223385
x_vol_world2,fdi_cn,0.029674175849354393,0.10988220922906525,1,0.8,1,0.0026085311995030676,0.0032606639993788345
x_vol_world2,shipfix_cn,0.13813285354632243,0.5230674890985362,0.3333333333333333,0.8,0.13333333333333333,0.002568988617475225,0.003211235771844031
x_vol_world2,baltic,0.020034279519506506,0.1331610176149947,1,0.8,1,0.0021342280384005863,0.0026677850480007325
x_vol_world2,bci_cn,0.049397503534196044,0.07197344881601377,1,0.6,1,0.0021331852153543907,0.002666481519192988
x_vol_world2,rti_val_jp,0.01973249537815404,0.34770983114372017,1,0.3,1,0.002058354790794654,0.0025729434884933173
x_vol_world2,constr_fr,0.04986300957143213,0.4105004142059782,1,0.1,1,0.0020468786082629546,0.002558598260328693
x_vol_world2,mar_freight_nl,0.27013500688232256,0.6354560272831639,0.9833333333333333,0.01,0.9888888888888889,0.001669224037059158,0.0020865300463239474
x_vol_world2,tourists_tk,0.04466488107688531,0.40142985471313686,1,0.1,0.9222222222222223,0.0016535275420914547,0.002066909427614318
x_vol_world2,x_servs_cn,0.05019308135047266,0.4110600588757537,1,0.1,0.7888888888888889,0.0016276648213674842,0.0020345810267093554
x_vol_world2,constr_jp,0.014715389188890133,0.3331975475085764,1,0.3,1,0.0014709394765117234,0.0018386743456396543
x_vol_world2,fdi_world,0.08684852053954863,0.46466691856430425,0.4666666666666667,0.3,0.25555555555555554,0.0014438349203950889,0.001804793650493861
x_vol_world2,pmi_manuf_cn,0.014509909623492485,0.1491271858042349,1,0.8,0.8,0.001384846072592141,0.0017310575907401762
x_vol_world2,shipfix_fr,0.08062433766336552,0.4565055941736529,0.3333333333333333,0.8,0.13333333333333333,0.001308638619373223,0.0016357982742165288
x_vol_world2,shipfix_us,0.07891212805854125,0.4542057536910607,0.3333333333333333,0.8,0.13333333333333333,0.001274394403562497,0.0015929930044531213
x_vol_world2,tourists_it,0.012918815746314193,0.3274113076530018,1,0.3,1,0.001268929907048676,0.001586162383810845
x_vol_world2,rti_vol_uk,0.006180374771072667,0.3009346833331674,1,0.6,1,0.00111593347476783,0.0013949168434597874
x_vol_world2,air_freight_mem,0.031152786960106683,0.3750130486193558,0.9333333333333333,0.1,1,0.0010903854836838993,0.001362981854604874
x_vol_world2,tourists_uk,0.025474929507958804,0.362208826347519,1,0.1,1,9.227244318363538e-4,0.0011534055397954422
x_vol_world2,oil_prod,0.01808296603708046,0.13851560689313663,0.3333333333333333,0.8,1,6.679394706811141e-4,8.349243383513926e-4
x_vol_world2,rti_vol_jp,0.007176431765553298,0.30553450076102506,1,0.3,1,6.577942490201665e-4,8.222428112752081e-4
x_vol_world2,tourists_th,0.00573244333112824,0.18293429291055258,1,0.6,1,6.291962804578543e-4,7.864953505723178e-4
x_vol_world2,cci_fr,0.0026672537750743954,0.2806749686884171,1,0.8,1,5.989050958424547e-4,7.486313698030683e-4
x_vol_world2,transit_pa_canal,0.0027430897115910302,0.20046164043358625,1,0.8,0.7333333333333333,3.2259876788599145e-4,4.032484598574893e-4
x_vol_world2,manuf_orders_us,0.0013714556612077447,0.21185737703883872,1,0.6,1,1.7433179946512342e-4,2.1791474933140426e-4
x_vol_world2,shipfix_sg,0.013738894763099998,0.33009908723070064,0.3333333333333333,0.8,0.13333333333333333,1.612514354082831e-4,2.0156429426035387e-4
x_vol_world2,rti_cn,0.001008522176791407,0.21572328908502886,0.85,0.8,1,1.47941970342992e-4,1.8492746292874e-4
x_vol_world2,tourists_fr,0.03451426447806697,0.3820474579705081,0.9833333333333333,0.01,1,1.2966318890774502e-4,1.6207898613468125e-4
x_vol_world2,rti_vol_mx,0.0017937292108022899,0.20792599552440663,1,0.3,1,1.118888795571823e-4,1.3986109944647788e-4
x_vol_world2,cci_uk,6.139168041976807e-4,0.2207537879899523,1,0.8,1,1.084195680298591e-4,1.3552446003732387e-4
x_vol_world2,constr_de,4.3861021461336747e-4,0.2582321010713765,1,0.6,1,6.795794236258635e-5,8.494742795323294e-5
x_vol_world2,export_orders_cn,2.655483783365442e-4,0.2266024109785171,1,0.8,0.8,3.851129776799767e-5,4.813912220999708e-5
x_vol_world2,shipfix_jp,4.271070656400757e-4,0.22364097029501542,0.3333333333333333,0.8,0.13333333333333333,3.3962182606081196e-6,4.245272825760149e-6
x_vol_world2,fdi_oecd,0,0.24789060816934116,0.4666666666666667,0.3,0.25555555555555554,0,0
x_vol_world2,shipfix_de,0.10056785293121118,0,0.3333333333333333,0.8,0.13333333333333333,0,0
x_vol_world2,pmi_total_cn,0.750865608506632,0.8986806404394406,0.2,0.8,0,0,0
x_vol_world2,is_cn,0.44275566724723686,0.7460118651721347,0.15,0.8,0,0,0
x_world,x_oecd,1,1,1,0.6,1,0.6,1
x_world,fc_x_us,0.7704408452195806,0.9128233187034717,1,0.8,1,0.5626210953584362,0.9377018255973937
x_world,x_ru,0.8787493452054282,0.9553723040138004,1,0.6,1,0.5037196719477169,0.8395327865795282
x_world,x_us,0.869150917215197,0.9517115434072486,1,0.6,1,0.4963085765260205,0.8271809608767009
x_world,manuf_shipments_us,0.8511375167266909,0.9447863991103268,1,0.6,1,0.48248588974554946,0.8041431495759158
x_world,x_uv_world,0.8452931352202376,0.942523845583696,1,0.6,1,0.4780253618719664,0.7967089364532774
x_world,x_briics,0.8391957255461963,0.940154983999047,1,0.6,1,0.47338442635377165,0.7889740439229528
x_world,bci_nl,0.6383125367227381,0.8566301027812983,1,0.8,1,0.4374381871515123,0.7290636452525205
x_world,manuf_ba_conf_nl,0.6272753188755212,0.8516830890048472,1,0.8,1,0.4273918249891236,0.712319708315206
x_world,x_mx,0.7717931048816844,0.913372368933613,1,0.6,1,0.42296069791944746,0.7049344965324125
x_world,x_nl,0.7712288777715903,0.9131433375608203,1,0.6,1,0.4225455068829816,0.704242511471636
x_world,x_vol_world,0.7386655241482731,0.8997802131507316,1,0.6,1,0.3987819736591381,0.6646366227652302
x_world,x_ca,0.735534192154102,0.8984798102046228,1,0.6,1,0.3965175728193769,0.6608626213656281
x_world,x_jp,0.5826933368756944,0.8312435464072768,1,0.8,1,0.3874880606499538,0.6458134344165897
x_world,manuf_emp_fut_nl,0.5739166628776308,0.8271285985620194,1,0.8,1,0.37976230804589256,0.6329371800764876
x_world,x_de,0.7095197221936891,0.8875674888324333,1,0.6,1,0.377847982862723,0.6297466381045383
x_world,fc_x_de,0.5610651918908077,0.8210459899195159,1,0.8,1,0.36852826070829714,0.614213767847162
x_world,export_orders_nl,0.5525847092680131,0.8169939499122375,1,0.8,1,0.36116669142878355,0.6019444857146393
x_world,bci_de,0.5509237499140396,0.816196698028504,1,0.8,1,0.35972971643625634,0.5995495273937606
x_world,ipi_de,0.682308974617282,0.8759370891652266,1,0.6,1,0.3585958422825435,0.5976597371375725
x_world,manuf_orders_us_2,0.6747876283669729,0.8726815870996136,1,0.6,1,0.3533248430870845,0.5888747384784742
x_world,x_it,0.6695738228122587,0.8704142105392484,1,0.6,1,0.3496839422285273,0.5828065703808788
x_world,manuf_ba_conf_ch,0.535716796127868,0.8088408286118784,1,0.8,1,0.3466476938250924,0.577746156375154
x_world,x_za,0.6548047429424388,0.8639430819909941,1,0.6,1,0.33942841663200674,0.5657140277200112
x_world,fc_gdp_oecd,0.5268071915152223,0.8044825322891169,1,0.8,1,0.339045746766627,0.5650762446110451
x_world,fc_x_jp,0.5242116681223993,0.8032059647710896,1,0.8,1,0.3368399509108112,0.5613999181846854
x_world,export_orders_de,0.5217162623862969,0.8019756554536935,1,0.8,1,0.3347229931904813,0.5578716553174689
x_world,x_be,0.6478354403554544,0.8608641194143409,1,0.6,1,0.3346189715322,0.557698285887
x_world,manuf_ba_conf_de,0.5206182993983789,0.8014333950778323,1,0.8,1,0.3337927129811922,0.556321188301987
x_world,x_fr,0.6418220001110241,0.8581941106752804,1,0.6,1,0.33048471635826604,0.5508078605971101
x_world,x_vol_ez,0.6223064582293568,0.8494417850924849,1,0.6,1,0.31716786525175605,0.5286131087529268
x_world,x_vol_jp,0.6179867374485221,0.8474860073304041,1,0.6,1,0.3142410676220344,0.5237351127033907
x_world,adv_rti_us,0.4972533554497602,0.7897553467408331,1,0.8,1,0.3141667969210145,0.5236113282016909
x_world,fc_gdp_de,0.49163359727771305,0.7869058433989019,1,0.8,1,0.3094954804072439,0.5158258006787398
x_world,serv_conf_fr,0.4910338311634045,0.7866007718489114,1,0.8,1,0.30899807247764965,0.5149967874627495
x_world,x_vol_us,0.6060117797308829,0.8420282531403197,1,0.6,1,0.3061674241615509,0.5102790402692515
x_world,x_cn,0.48582574635665227,0.7839438027794933,1,0.8,1,0.30468806646961566,0.5078134441160261
x_world,x_kr,0.48532669056491085,0.7836884572114595,1,0.8,1,0.30427594029788674,0.5071265671631446
x_world,manuf_emp_fut_de,0.4838703879810708,0.7829425778613055,1,0.8,1,0.3030741831333197,0.5051236385555329
x_world,manuf_orders_nl,0.5977778971166208,0.8382442020891159,1,0.6,1,0.30065031383701885,0.5010838563950314
x_world,export_orders_fr,0.47352511468093084,0.7776113730716637,1,0.8,1,0.29457481168876454,0.49095801948127427
x_world,ipi_us,0.4718830486503518,0.7767598356999482,1,0.8,1,0.29323183947139037,0.4887197324523173
x_world,bci_br,0.46935590669492266,0.7754464186867058,1,0.8,1,0.29116828554882357,0.48528047591470597
x_world,bci_fr,0.4605340879148869,0.7708335653809166,1,0.8,1,0.28399610637350464,0.47332684395584107
x_world,p_comm,0.5608131107090606,0.8209259869546688,1,0.6,1,0.2762316338435721,0.4603860564059535
x_world,x_cn_2,0.45001095766264027,0.7652729399366464,1,0.8,1,0.27550496685935555,0.4591749447655926
x_world,manuf_ba_conf_pl,0.44849904491329673,0.7644686966793619,1,0.8,1,0.2742907842614452,0.4571513071024087
x_world,container_sg,0.44509460607228307,0.7626527703558096,1,0.8,1,0.27156210751316356,0.4526035125219393
x_world,x_vol_ema,0.5463245426809477,0.8139828098630154,1,0.6,1,0.2668192718091388,0.44469878634856463
x_world,manuf_emp_fut_it,0.4390384549767466,0.7594051725482112,1,0.8,1,0.26672645892553304,0.44454409820922175
x_world,ipi_ru,0.5435171100892153,0.8126268334594082,1,0.6,1,0.26500595286168455,0.4416765881028076
x_world,bci_oecd,0.4357532651133145,0.7576341235276209,1,0.8,1,0.2641132344707401,0.44018872411790017
x_world,bci_jp,0.4272064985082372,0.7529950271093273,1,0.8,1,0.25734749514039273,0.42891249190065456
x_world,x_in,0.41065457639208014,0.7438769189841073,1,0.8,1,0.24438116884261146,0.4073019480710191
x_world,rti_val_us,0.5090499547007876,0.7956849159122232,1,0.6,1,0.24302602224073033,0.40504337040121724
x_world,manuf_orders_fr,0.5037376761078955,0.7930232930655554,1,0.6,1,0.23968542644896407,0.3994757107482735
x_world,ipi_eu27,0.5019248864700457,0.7921118181051272,1,0.6,1,0.23854838062439848,0.3975806343739975
x_world,ind_orders_ez,0.5001503480375473,0.7912179803931294,1,0.6,1,0.23743676896031338,0.395727948267189
x_world,serv_conf_nl,0.3995999679552295,0.7376844561068118,1,0.8,1,0.23582294801708234,0.39303824669513726
x_world,manuf_orders_de,0.48851974337701903,0.7853199471101161,1,0.6,1,0.23018657941865284,0.3836442990310881
x_world,p_manuf,0.5756126404273603,0.8279261980186177,1,0.6,0.8,0.22875109676183136,0.3812518279363856
x_world,export_orders_it,0.3870017818373382,0.7305219539354206,1,0.8,1,0.22617063827544134,0.37695106379240223
x_world,ipi_mx,0.4775265423873047,0.7796802590539059,1,0.6,1,0.2233908109641898,0.3723180182736497
x_world,x_uk,0.46496787453858696,0.773157424095798,1,0.6,1,0.21569601849933123,0.35949336416555205
x_world,x_sg,0.3443339252482532,0.7053540725008157,1,0.8,1,0.19430186917923747,0.32383644863206246
x_world,manuf_orders_it,0.42718767402695507,0.7529847584143035,1,0.6,1,0.192999484514853,0.321665807524755
x_world,fc_x_nl,0.33969166068154716,0.70252389020395,1,0.8,1,0.19091320554547256,0.3181886759091209
x_world,manuf_ba_conf_it,0.42338640906643843,0.7509065242837272,1,0.6,1,0.19075417011662854,0.3179236168610476
x_world,bci_uk,0.3341610164547118,0.6991267391779842,1,0.8,1,0.18689672143550673,0.31149453572584457
x_world,container_index,0.6293045877100777,0.8525958774544236,0.8666666666666667,0.6,0.6666666666666666,0.18600139901018622,0.3100023316836437
x_world,air_freight_hkg,0.32707611346843757,0.6947335574428287,1,0.8,1,0.18178460149160156,0.3029743358193359
x_world,ipi_oecd,0.6844720313449264,0.8768700098924531,1,0.3,1,0.18005789906895991,0.3000964984482665
x_world,fc_gdp_us,0.3227596442724617,0.6920336641823867,1,0.8,1,0.17868843142086027,0.2978140523681005
x_world,ipi_jp,0.39798700881356597,0.736773798691714,1,0.6,1,0.17593584018811417,0.29322640031352365
x_world,x_br,0.3130187719963856,0.6858737496525059,1,0.8,1,0.17175308708862705,0.2862551451477118
x_world,bci_kr,0.311500984350431,0.6849053493438763,1,0.8,1,0.17067895240599462,0.28446492067665774
x_world,fc_gdp_uk,0.3078340694529315,0.6825559522213843,1,0.8,1,0.16809118112130356,0.28015196853550595
x_world,ipi_br,0.37661870183885837,0.7245307057579335,1,0.6,1,0.16372308830696689,0.2728718138449448
x_world,serv_emp_fut_nl,0.2987260726967083,0.6766591802939431,1,0.8,1,0.1617085915867068,0.26951431931117803
x_world,x_servs_us,0.3646335854109926,0.7175114211343511,1,0.6,1,0.15697725723693307,0.2616287620615551
x_world,pmi_manuf_us,0.2806953574792193,0.6647142513044659,1,0.8,1,0.14926576351315096,0.24877627252191828
x_world,ipi_uk,0.3410391096655687,0.7033473510828704,1,0.6,1,0.14392137263936297,0.2398689543989383
x_world,x_vol_cis,0.3161744798699743,0.6878797127362274,1,0.6,1,0.13049400623249044,0.21749001038748408
x_world,ipi_fr,0.3154463771937342,0.6874177772350287,1,0.6,1,0.13010606846841552,0.2168434474473592
x_world,bci_us,0.24571174389409942,0.6403890002525335,1,0.8,1,0.1258808784181191,0.2098014640301985
x_world,rti_vol_us,0.3068344503558595,0.6819130712102415,1,0.6,1,0.1255406534371623,0.20923442239527051
x_world,export_orders_us,0.23882417064839523,0.6353998585404184,1,0.8,1,0.12139907539681845,0.20233179232803075
x_world,ipi_cn,0.2881452693960925,0.6696948334894692,0.75,0.8,1,0.11578163892539664,0.19296939820899442
x_world,fc_gdp_jp,0.224442666640222,0.6247449035590296,1,0.8,1,0.11217552969974154,0.1869592161662359
x_world,constr_ca,0.46181143114339895,0.7715041957410568,1,0.3,1,0.10688683703049433,0.1781447283841572
x_world,cci_de,0.2070548184329666,0.6113957493256746,1,0.8,1,0.10127394869385212,0.16878991448975353
x_world,x_vol_afr,0.2526414002937263,0.6453385517534572,1,0.6,1,0.09782354122711126,0.16303923537851878
x_world,ipi_it,0.24966209774832138,0.6432189911401222,1,0.6,1,0.09635244158376109,0.16058740263960183
x_world,pmi_nm_us,0.1922022265626446,0.5995419405077661,1,0.8,1,0.09218663670662501,0.1536443945110417
x_world,cci_br,0.18783265681503025,0.595968063880353,1,0.8,1,0.0895538118524451,0.1492563530874085
x_world,ipi_kr,0.22885894428834497,0.6280522368813695,1,0.6,1,0.08624122313436225,0.14373537189060376
x_world,x_vol_cn,0.2254406518520091,0.6254951161035239,1,0.6,1,0.08460721602277592,0.14101202670462654
x_world,rti_vol_br,0.22515907352652953,0.6252836144757855,1,0.6,1,0.08447296759601251,0.14078827932668753
x_world,x_vol_world2,0.8544699647824274,0.9460730235598593,1,0.1,1,0.08083909831227977,0.13473183052046628
x_world,container_hk,0.17242970088600149,0.5830261720596,1,0.8,1,0.0804248227655578,0.1340413712759297
x_world,export_orders_uk,0.1695324133808757,0.5805280783117174,1,0.8,1,0.07873466092123797,0.13122443486872995
x_world,manuf_orders_uk,0.2107366739067678,0.6142678468783493,1,0.6,1,0.07766925776340905,0.12944876293901508
x_world,rti_val_ca,0.3272281808635242,0.6948283476986366,1,0.3,1,0.06821022486894993,0.11368370811491654
x_world,constr_cn,0.17983680462723547,0.5893189140279442,0.75,0.8,0.9888888888888889,0.06288219670707228,0.1048036611784538
x_world,x_servs_sg,0.7011528511813407,0.8840154452588947,1,0.1,0.9888888888888889,0.0612942950487932,0.10215715841465534
x_world,ipi_ca,0.29179564903210004,0.6721117610848929,1,0.3,1,0.05883578626436222,0.09805964377393704
x_world,coincident_us,0.1288582868492519,0.5428976962508819,1,0.8,1,0.05596549365863534,0.09327582276439224
x_world,rti_val_es,0.15916213025006917,0.5714069333311568,1,0.6,1,0.0545678068491877,0.09094634474864617
x_world,ipi_es,0.15567421781539245,0.5682727146699285,1,0.6,1,0.053079246217242484,0.08846541036207081
x_world,harpex,0.11733973109357777,0.5311901883311184,1,0.8,1,0.049863771086656294,0.08310628514442717
x_world,rti_val_fr,0.14771371037894745,0.5609852382986755,1,0.6,1,0.049719126610149225,0.08286521101691538
x_world,air_freight_intl_lhr,0.26035474792889823,0.6507686914479874,1,0.3,0.8,0.040663372469270334,0.0677722874487839
x_world,air_freight_total_lhr,0.2596606641460373,0.6502833838943035,1,0.3,0.8,0.04052472368283057,0.06754120613805095
x_world,rti_vol_oecd,0.2127931858314817,0.6158611517325202,1,0.3,1,0.03931531695210255,0.06552552825350426
x_world,x_servs_jp,0.12135860683004487,0.5353376626154275,1,0.6,1,0.03898069975119652,0.06496783291866087
x_world,x_hk,0.2711647915675219,0.6582452872551516,1,0.6,0.3333333333333333,0.035698589223769346,0.05949764870628225
x_world,bci_servs_eu,0.45045968746231096,0.7655113761275822,1,0.1,1,0.03448320152392743,0.057472002539879045
x_world,rti_val_it,0.10405916018298902,0.5169534861794529,1,0.6,1,0.032276247375301374,0.05379374562550229
x_world,rti_vol_ca,0.1789248609149979,0.5885512536914005,1,0.3,1,0.03159193536242444,0.05265322560404073
x_world,rti_val_de,0.09406778922059789,0.5056328585803475,1,0.6,1,0.0285382590983667,0.047563765163944505
x_world,tourists_seasia,0.23092328531006595,0.6295872668612034,0.8833333333333333,0.3,0.6666666666666666,0.025684923609358788,0.04280820601559798
x_world,cci_cn,0.14291442754544753,0.556496555465627,1,0.3,1,0.023859415996615042,0.03976569332769174
x_world,freight_mar_cn,0.07330481736594467,0.4799965163132271,1,0.8,0.8,0.02251907645736371,0.03753179409560618
x_world,freight_mar_cn,0.07330481736594467,0.4799965163132271,1,0.8,0.8,0.02251907645736371,0.03753179409560618
x_world,tourists_world,0.178887864261384,0.5885200692329526,0.8833333333333333,0.3,0.6666666666666666,0.01859930735927457,0.03099884559879095
x_world,tourists_es,0.062017092719972786,0.4645135453408076,1,0.6,1,0.017284667766650486,0.028807779611084144
x_world,is_uk,0.060225840684638314,0.4619306823881941,1,0.6,1,0.016692098210914583,0.02782016368485764
x_world,x_servs_ez,0.054716977394242285,0.4537368891164075,1,0.6,1,0.014896266662829774,0.02482711110471629
x_world,pmi_nm_cn,0.06074561663564201,0.46268407210634305,0.8666666666666667,0.8,0.6666666666666666,0.012991231305908107,0.021652052176513514
x_world,pmi_nm_cn2,0.06074554617208233,0.4626839701917012,0.8666666666666667,0.8,0.6666666666666666,0.012991213374816377,0.02165202229136063
x_world,x_servs_in,0.16538009030599254,0.5769103548459407,0.5833333333333334,0.6,0.38333333333333336,0.012800772783203587,0.021334621305339314
x_world,container_exports_la,0.03749468667878149,0.42502044620204227,1,0.8,1,0.012748806769937183,0.02124801128322864
x_world,rti_val_uk,0.045971707880564025,0.4398303539219189,1,0.6,1,0.012131851528502125,0.020219752547503543
x_world,tourists_us,0.059343989727470105,0.46064501022886367,0.9333333333333333,0.6,0.7333333333333333,0.011226194571399827,0.01871032428566638
x_world,rti_vol_fr,0.042632281116691095,0.43417404162661133,1,0.6,1,0.011105897877717381,0.018509829796195636
x_world,tourists_neasia,0.11596035813775396,0.5297503506625738,0.8833333333333333,0.3,0.6666666666666666,0.010852640468269795,0.01808773411378299
x_world,tourists_de,0.03721576440871307,0.4245060693635367,1,0.6,1,0.0094789907205013145,0.01579831786750219
x_world,cci_kr,0.02497910621400675,0.3996533791683656,1,0.8,1,0.007986387365626653,0.013310645609377756
x_world,export_orders_cn,0.028788291301956814,0.4079380705202073,1,0.8,0.8,0.0075160576046681155,0.01252676267444686
x_world,x_servs_fr,0.05474920662367674,0.4537859962316717,0.8,0.6,0.6,0.007155193901938211,0.01192532316989702
x_world,is_fr,0.06455109927664963,0.4681045431604481,1,0.3,0.7888888888888889,0.00715127687151819,0.01191879478586365
x_world,x_servs_world,0.9073714652168605,0.9661714239069867,0.9833333333333333,0.01,0.8,0.0068965208604143255,0.011494201434023877
x_world,x_servs_oecd,0.8839909428936575,0.9573629679863057,1,0.01,0.7888888888888889,0.006676368187342181,0.011127280312236969
x_world,rti_vol_kr,0.026071238887063825,0.40208962640409085,1,0.6,1,0.006289784822394779,0.010482974703991298
x_world,rti_vol_de,0.023887616703188393,0.39716480293366424,1,0.6,1,0.005692392348286035,0.009487320580476724
x_world,x_vol_lac,0.02328924979000663,0.3957764026052862,1,0.6,1,0.005530401300758845,0.009217335501264742
x_world,cci_id,0.07784731479451441,0.48588764529128137,0.5333333333333333,0.8,0.3333333333333333,0.005379562450169705,0.00896593741694951
x_world,tourists_mx,0.021016050756017344,0.39033212405901924,1,0.6,1,0.004921943838557044,0.008203239730928407
x_world,pmi_manuf_cn,0.01700221904683737,0.37994449735592006,1,0.8,0.8,0.00413433572459896,0.006890559540998267
x_world,shipfix_nl,0.18292608779263145,0.591905067507014,0.3333333333333333,0.8,0.13333333333333333,0.003849773452220142,0.00641628908703357
x_world,fdi_in,0.022898692472757387,0.39486055679045,0.8333333333333334,0.8,0.6333333333333333,0.003817644860705758,0.0063627414345095975
x_world,rti_vol_it,0.01649025374023391,0.37853492246453757,1,0.6,1,0.003745282152587996,0.006242136920979993
x_world,x_servs_cn,0.09300973399521278,0.5043995405170322,1,0.1,0.7888888888888889,0.0037009986260517413,0.006168331043419569
x_world,ipi_in,0.1523085356247068,0.5652148722076137,0.5166666666666667,0.6,0.13333333333333333,0.003558264712635561,0.005930441187725935
x_world,x_servs_de,0.014772914590321673,0.3736395196818193,1,0.6,1,0.0033118468270969983,0.005519744711828331
x_world,manuf_orders_us,0.01457596194149762,0.37306031618086244,1,0.6,1,0.0032626277823211915,0.00543771297053532
x_world,x_servs_uk2,0.013399147373710275,0.3695149397416406,1,0.6,1,0.0029707110806315483,0.004951185134385914
x_world,rti_cn,0.01194737695503349,0.36491957064938685,0.85,0.8,1,0.0029646855347956963,0.004941142557992827
x_world,rti_vol_es,0.013327395619183271,0.36929384024078465,1,0.6,1,0.00295303506516984,0.004921725108616401
x_world,transit_suez_canal,0.5628115083010381,0.821876582736887,0.85,0.01,0.6666666666666666,0.0026211823952822185,0.004368637325470364
x_world,cci_oecd,0.008612502695310815,0.3531676539606012,1,0.8,1,0.00243332589730582,0.004055543162176367
x_world,mar_freight_de,0.34197370929334536,0.7039175540200591,0.9833333333333333,0.01,0.9888888888888889,0.0023407917230887252,0.0039013195384812087
x_world,shipfix_hk,0.12021230096070001,0.5341617679957096,0.3333333333333333,0.8,0.13333333333333333,0.002283122318791106,0.0038052038646518437
x_world,tourists_tk,0.053098121099822294,0.4512513895337794,1,0.1,0.9222222222222223,0.0022096998633533327,0.003682833105588888
x_world,is_br,0.03431400405546877,0.41903604766345276,0.6,0.6,0.4,0.0020705478680032303,0.003450913113338717
x_world,baltic,0.006742896912630726,0.3455582940043628,1,0.8,1,0.001864051163020767,0.003106751938367945
x_world,cci_uk,0.010772204651296675,0.21279501267730005,1,0.8,1,0.0018338171402681174,0.0030563619004468625
x_world,air_freight_mem,0.04338272771962479,0.43546390623207604,0.9333333333333333,0.1,1,0.0017632171270737685,0.0029386952117896143
x_world,rti_val_jp,0.015414388510357832,0.3754997394206489,1,0.3,1,0.001736429660690403,0.0028940494344840053
x_world,oil_x,0.038058961338448584,0.4260552442925077,1,0.8,0.13333333333333333,0.0017296234741943273,0.002882705790323879
x_world,shipfix_cn,0.09452003167387504,0.5061578970341951,0.3333333333333333,0.8,0.13333333333333333,0.0017010510385654792,0.002835085064275799
x_world,is_jp,0.026613427347346803,0.4032801582478301,0.8,0.3,0.6,0.0015455040756703411,0.0025758401261172354
x_world,shipfix_uk,0.08598480833742515,0.49602658758557494,0.3333333333333333,0.8,0.13333333333333333,0.0015164711489355626,0.0025274519148926044
x_world,mar_freight_nl,0.19562797101140408,0.6023155441563629,0.9833333333333333,0.01,0.9888888888888889,0.0011457853903342442,0.0019096423172237404
x_world,tourists_it,0.010577216681704915,0.36031919414140795,1,0.3,1,0.0011433522573032916,0.001905587095505486
x_world,cci_fr,0.005940664342700942,0.23181452792178273,1,0.8,1,0.0011017058401159893,0.0018361764001933155
x_world,shipfix_us,0.06293011788448213,0.46581571985935477,0.3333333333333333,0.8,0.13333333333333333,0.0010422698013580125,0.0017371163355966875
x_world,container_total_la,0.003568701153793621,0.3296423369876821,1,0.8,1,9.411159906777335e-4,0.0015685266511295559
x_world,constr_oecd,0.008664504719999827,0.35336685424080566,1,0.3,1,9.185246329382854e-4,0.0015308743882304758
x_world,tourists_uk,0.018811410269529094,0.3847631792144827,1,0.1,1,7.237938020811984e-4,0.001206323003468664
x_world,constr_fr,0.017842721988142372,0.38221343249829004,1,0.1,1,6.81972801620061e-4,0.001136621336033435
x_world,shipfix_ae,0.03402206360982012,0.41847313011656306,0.3333333333333333,0.8,0.13333333333333333,5.062158027315997e-4,8.436930045526661e-4
x_world,rti_vol_uk,0.0031463363609204975,0.24673452522656145,1,0.6,1,4.657858849288716e-4,7.76309808214786e-4
x_world,tourists_th,0.0020450449444742317,0.2544478242845888,1,0.6,1,3.122143420113995e-4,5.203572366856659e-4
x_world,rti_vol_jp,0.002994810323421722,0.3260807054035901,1,0.3,1,2.9296495884339265e-4,4.8827493140565445e-4
x_world,rti_vol_mx,0.0026727044290469847,0.3239319248239249,1,0.3,1,2.597322870559857e-4,4.328871450933095e-4
x_world,transit_pa_canal,0.0012722931043725727,0.2612075829615475,1,0.8,0.7333333333333333,1.9496846254559144e-4,3.249474375759857e-4
x_world,shipfix_fr,0.014514177543748178,0.37287781506887213,0.3333333333333333,0.8,0.13333333333333333,1.9242719324567145e-4,3.207119887427858e-4
x_world,constr_uk,0.0014159404747631644,0.31396334338767884,0.6666666666666666,0.6,1,1.7782136219783216e-4,2.963689369963869e-4
x_world,tourists_fr,0.03747636461954728,0.4249867162184161,0.9833333333333333,0.01,1,1.566150784987434e-4,2.6102513083123903e-4
x_world,fdi_cn,6.381251546193302e-4,0.3052580463901734,1,0.8,1,1.5583427044121926e-4,2.597237840686988e-4
x_world,oil_prod,0.0012913932559979714,0.3127671140352873,0.3333333333333333,0.8,1,1.0770809113683157e-4,1.7951348522805263e-4
x_world,fdi_oecd,0.14234503270664936,0.01782727907291426,0.4666666666666667,0.3,0.25555555555555554,9.079056983454041e-5,1.5131761639090068e-4
x_world,shipfix_sg,0.01200398222570024,0.20868251552984857,0.3333333333333333,0.8,0.13333333333333333,8.906742070167881e-5,1.484457011694647e-4
x_world,bci_cn,4.553727834984393e-4,0.3025244715229167,1,0.6,1,8.265684640427096e-5,1.3776141067378493e-4
x_world,constr_us,3.5222866264482194e-4,0.27304078812080107,1,0.6,1,5.770367498836677e-5,9.617279164727795e-5
x_world,shipfix_jp,0.006744962698404192,0.2282190743236459,0.3333333333333333,0.8,0.13333333333333333,5.473170287563824e-5,9.121950479273041e-5
x_world,constr_de,8.637570623503333e-5,0.2793632396835619,1,0.6,1,1.4478118274264729e-5,2.413019712377455e-5
x_world,cci_jp,5.332629302111456e-5,0.280577006864045,1,0.8,1,1.196970534641547e-5,1.9949508910692448e-5
x_world,shipfix_de,0.0011624814853020277,0.2623186057356892,0.3333333333333333,0.8,0.13333333333333333,1.084232968597266e-5,1.8070549476621103e-5
x_world,cci_us,2.460433667144584e-5,0.281864399721802,1,0.8,1,5.548069269160162e-6,9.246782115266937e-6
x_world,constr_jp,0,0.2833186789850027,1,0.3,1,0,0
x_world,fdi_world,0.16183582839174088,0,0.4666666666666667,0.3,0.25555555555555554,0,0
x_world,pmi_total_cn,0.32884463305087175,0.6958345949054346,0.2,0.8,0,0,0
x_world,is_cn,0.7289241407984401,0.8957256187489302,0.15,0.8,0,0,0
